{"cameraMode":{"drawMode":0,"name":"Shaded","section":"Shading Mode"},"sceneLighting":false,"audioPlay":false,"sceneViewState":{"showFog":true,"showMaterialUpdate":false,"showSkybox":false,"showFlares":true,"showImageEffects":true,"showParticleSystems":true,"showVisualEffectGraphs":true,"m_FxEnabled":true},"in2DMode":false,"pivot":{"x":-12.087713241577149,"y":-0.014207623898983002,"z":3.6548149585723879},"rotation":{"x":0.39492306113243105,"y":-0.2227005511522293,"z":0.09929440915584564,"w":0.8857761025428772},"size":0.49939975142478945,"orthographic":true}