{"cameraMode":{"drawMode":0,"name":"Shaded","section":"Shading Mode"},"sceneLighting":true,"audioPlay":false,"sceneViewState":{"showFog":true,"showMaterialUpdate":false,"showSkybox":true,"showFlares":true,"showImageEffects":true,"showParticleSystems":true,"showVisualEffectGraphs":true,"m_FxEnabled":true},"in2DMode":false,"pivot":{"x":-0.8068962097167969,"y":2.1210827827453615,"z":-3.142655372619629},"rotation":{"x":0.21794092655181886,"y":0.04067154973745346,"z":-0.009087542071938515,"w":0.9750798344612122},"size":3.6609175205230715,"orthographic":true}