{"cameraMode":{"drawMode":0,"name":"Shaded","section":"Shading Mode"},"sceneLighting":false,"audioPlay":false,"sceneViewState":{"showFog":true,"showMaterialUpdate":false,"showSkybox":false,"showFlares":true,"showImageEffects":true,"showParticleSystems":true,"showVisualEffectGraphs":true,"m_FxEnabled":true},"in2DMode":false,"pivot":{"x":-12.29548454284668,"y":0.12678179144859315,"z":3.3401031494140627},"rotation":{"x":0.17251071333885194,"y":-0.015083223581314087,"z":0.0026487966533750297,"w":0.9848966002464294},"size":0.8909447193145752,"orthographic":true}